downcased,clean
Abd Al-Salam Abdullah Al-Lahi-Tiki,Abd Al-Salam Abdullah Al-Lahi-Tiki
Abdel Jumaa Amer,Abdel Jumaa Amer
Abdul Fattah Saleh Muhammad Al-Khawja,Abdul Fattah Saleh Muhammad Al-Khawja
Abdul Shafi Hussein Muhammad Al-Juifi,Abdul Shafi Hussein Muhammad Al-Juifi
Ahmed Ali Muhammad Omar,Ahmed Ali Muhammad Omar
Ahmed Faraj Mahjoub Abu Khuzam,Ahmed Faraj Mahjoub Abu Khuzam
Ali Al-Abed Al-Reda Abu Azoum,Ali Al-Abed Al-Reda Abu Azoum
Ali Muhammad Miftah Al-Zinati,Ali Muhammad Miftah Al-Zinati
Badr Al-Din Al-Sadiq Al-Toumi,Badr Al-Din Al-Sadiq Al-Toumi
Fathallah Abd Al-Latif Al-Zani,Fathallah Abd Al-Latif Al-Zani
Halima Ibrahim Abdel Rahman,Halima Ibrahim Abdel Rahman
Hamad Abdul-Razzaq Taher Al-Marimi,Hamad Abdul-Razzaq Taher Al-Marimi
Houria Khalifa Miloud,Houria Khalifa Miloud
Hussein Atiya Abdul Hafeez Al-Qatrani,Hussein Atiya Abdul Hafeez Al-Qatrani
Ibrahim Al-Arabi Mounir,Ibrahim Al-Arabi Mounir
Ijdid Maatouk Jadeed,Ijdid Maatouk Jadeed
Imran Muhammad Abdul Anabi Al-Qeeb,Imran Muhammad Abdul Anabi Al-Qeeb
Kamel Braik Al-Hassi,Kamel Braik Al-Hassi
Khaled Ahmed Mazen,Khaled Ahmed Mazen
Khaled Al-Mabrouk Abdullah,Khaled Al-Mabrouk Abdullah
Mabrouka Othman Oki,Mabrouka Othman Oki
Muhammad Ahmad Muhammad Aoun,Muhammad Ahmad Muhammad Aoun
Muhammad Salem Al-Shahoubi,Muhammad Salem Al-Shahoubi
Musa Muhammad Al-Maqrif,Musa Muhammad Al-Maqrif
Omar Ali Al-Ajili,Omar Ali Al-Ajili
Ramadan Ahmed Boujenah,Ramadan Ahmed Boujenah
Saeed Sifaw,Saeed Sifaw
Salama Ibrahim Al-Ghwail,Salama Ibrahim Al-Ghwail
Tariq Abdel Salam Mustafa Abu Flika,Tariq Abdel Salam Mustafa Abu Flika
Tawfiq Saeed Moftah Al-Dorsi,Tawfiq Saeed Moftah Al-Dorsi
Wafaa Abu Bakr Muhammad Al-Kilani,Wafaa Abu Bakr Muhammad Al-Kilani
Walid Ammar Muhammad Ammar Al-Lafi,Walid Ammar Muhammad Ammar Al-Lafi
Zuhair Ahmed Mahmoud,Zuhair Ahmed Mahmoud
